<?xml version="1.0"?>
<!--<!DOCTYPE metadata SYSTEM "http://www.esri.com/metadata/esriprof80.dtd">-->
<metadata xml:lang="zh"><Esri><MetaID>{1246B89D-1E69-479D-A93E-4C2FDB033B73}</MetaID><CreaDate>20171122</CreaDate><CreaTime>15390100</CreaTime><SyncOnce>TRUE</SyncOnce><DataProperties><lineage><Process ToolSource="C:\Program Files (x86)\ArcGIS\ArcToolbox\Toolboxes\Conversion Tools.tbx\ExportCAD" Date="20171122" Time="153901">ExportCAD XZQ DWG_R2000 F:\1122.DWG Ignore_Filenames_in_Tables Overwrite_Existing_Files #</Process></lineage></DataProperties></Esri></metadata>
