<?xml version="1.0" encoding="UTF-8"?>
<metadata xml:lang="zh"><Esri><CreaDate>20171122</CreaDate><CreaTime>16030800</CreaTime><SyncOnce>FALSE</SyncOnce><DataProperties><lineage><Process ToolSource="F:\常用软件\myToolbox.tbx\Append" Date="20141013" Time="094847">Append E:\永安耕地质量等别\永安数据库\永安市更新任务（管理）2014-09-27\(350481)福建省三明市永安市(2013)土地调查更新数据成果\更新检查成果\jck.gdb\TDDC\XZQ E:\永安耕地质量等别\永安2013年度成果\永安2013.mdb\XZQH\XZQ NO_TEST "BSM 'BSM' true true false 4 Long 0 0 ,First,#,E:\永安耕地质量等别\永安数据库\永安市更新任务（管理）2014-09-27\(350481)福建省三明市永安市(2013)土地调查更新数据成果\更新检查成果\jck.gdb\TDDC\XZQ,BSM,-1,-1;YSDM 'YSDM' true true false 10 Text 0 0 ,First,#,E:\永安耕地质量等别\永安数据库\永安市更新任务（管理）2014-09-27\(350481)福建省三明市永安市(2013)土地调查更新数据成果\更新检查成果\jck.gdb\TDDC\XZQ,YSDM,-1,-1;XZQDM '行政区代码' true true false 12 Text 0 0 ,First,#,E:\永安耕地质量等别\永安数据库\永安市更新任务（管理）2014-09-27\(350481)福建省三明市永安市(2013)土地调查更新数据成果\更新检查成果\jck.gdb\TDDC\XZQ,XZQDM,-1,-1;XZQMC '行政区名称' true true false 100 Text 0 0 ,First,#,E:\永安耕地质量等别\永安数据库\永安市更新任务（管理）2014-09-27\(350481)福建省三明市永安市(2013)土地调查更新数据成果\更新检查成果\jck.gdb\TDDC\XZQ,XZQMC,-1,-1;KZMJ 'KZMJ' true true false 4 Float 0 0 ,First,#,E:\永安耕地质量等别\永安数据库\永安市更新任务（管理）2014-09-27\(350481)福建省三明市永安市(2013)土地调查更新数据成果\更新检查成果\jck.gdb\TDDC\XZQ,KZMJ,-1,-1;JSMJ 'JSMJ' true true false 4 Float 0 0 ,First,#,E:\永安耕地质量等别\永安数据库\永安市更新任务（管理）2014-09-27\(350481)福建省三明市永安市(2013)土地调查更新数据成果\更新检查成果\jck.gdb\TDDC\XZQ,JSMJ,-1,-1;SHAPE_Length 'SHAPE_Length' false true true 8 Double 0 0 ,First,#,E:\永安耕地质量等别\永安数据库\永安市更新任务（管理）2014-09-27\(350481)福建省三明市永安市(2013)土地调查更新数据成果\更新检查成果\jck.gdb\TDDC\XZQ,SHAPE_Length,-1,-1;SHAPE_Area 'SHAPE_Area' false true true 8 Double 0 0 ,First,#,E:\永安耕地质量等别\永安数据库\永安市更新任务（管理）2014-09-27\(350481)福建省三明市永安市(2013)土地调查更新数据成果\更新检查成果\jck.gdb\TDDC\XZQ,SHAPE_Area,-1,-1" # E:\永安耕地质量等别\永安2013年度成果\永安2013.mdb\XZQH\XZQ</Process><Process ToolSource="D:\Program Files\ArcGIS\ArcToolbox\Toolboxes\Data Management Tools.tbx\CopyFeatures" Date="20141206" Time="011356">CopyFeatures E:\耕地质量等别20141129\永安市2013_国家标准.mdb\XZQH\XZQ E:\DLJXLX\永安3.gdb\Dataset\XZQ # 0 0 0</Process><Process ToolSource="F:\常用软件\GIS软件\ArcGIS 9.3.1\Config\ESRI\ArcToolbox\My Toolboxes\myToolbox.tbx\Dissolve" Date="20151103" Time="234352">Dissolve J:\图件\永安图件\转换\乡镇图\永安市乡镇图.mdb\Dataset\XZQ_XZ J:\图件\永安图件\转换\乡镇图\永安市乡镇图.mdb\Dataset\XZQ 乡镇代码;乡镇名 # SINGLE_PART DISSOLVE_LINES</Process></lineage><itemProps><itemLocation><linkage Sync="TRUE">file://\\CSGTJ\E$\叶树焰\2017永安市基准地价\乡镇图(线划）\永安线划图.mdb</linkage><protocol Sync="TRUE">Local Area Network</protocol></itemLocation></itemProps></DataProperties><SyncDate>20151103</SyncDate><SyncTime>23435100</SyncTime><ModDate>20151103</ModDate><ModTime>23435100</ModTime><ArcGISFormat>1.0</ArcGISFormat></Esri><idinfo><native Sync="TRUE">Microsoft Windows Vista Version 6.1 (Build 7601) Service Pack 1; ESRI ArcCatalog 9.3.1.4000</native><descript><langdata Sync="TRUE">zh</langdata><abstract>REQUIRED: A brief narrative summary of the data set.</abstract><purpose>REQUIRED: A summary of the intentions with which the data set was developed.</purpose></descript><citation><citeinfo><origin>REQUIRED: The name of an organization or individual that developed the data set.</origin><pubdate>REQUIRED: The date when the data set is published or otherwise made available for release.</pubdate><title Sync="TRUE">XZQ</title><ftname Sync="TRUE">XZQ</ftname><geoform Sync="TRUE">vector digital data</geoform><onlink Sync="TRUE">\\CTGTJ\J\图件\永安图件\转换\乡镇图\永安市乡镇图.mdb</onlink></citeinfo></citation><timeperd><current>REQUIRED: The basis on which the time period of content information is determined.</current><timeinfo><sngdate><caldate>REQUIRED: The year (and optionally month, or month and day) for which the data set corresponds to the ground.</caldate></sngdate></timeinfo></timeperd><status><progress>REQUIRED: The state of the data set.</progress><update>REQUIRED: The frequency with which changes and additions are made to the data set after the initial data set is completed.</update></status><spdom><bounding><westbc Sync="TRUE">REQUIRED: Western-most coordinate of the limit of coverage expressed in longitude.</westbc><eastbc Sync="TRUE">REQUIRED: Eastern-most coordinate of the limit of coverage expressed in longitude.</eastbc><northbc Sync="TRUE">REQUIRED: Northern-most coordinate of the limit of coverage expressed in latitude.</northbc><southbc Sync="TRUE">REQUIRED: Southern-most coordinate of the limit of coverage expressed in latitude.</southbc></bounding></spdom><keywords><theme><themekt>REQUIRED: Reference to a formally registered thesaurus or a similar authoritative source of theme keywords.</themekt><themekey>REQUIRED: Common-use word or phrase used to describe the subject of the data set.</themekey></theme></keywords><accconst>REQUIRED: Restrictions and legal prerequisites for accessing the data set.</accconst><useconst>REQUIRED: Restrictions and legal prerequisites for using the data set after access is granted.</useconst><natvform Sync="TRUE">Personal GeoDatabase Feature Class</natvform></idinfo><dataIdInfo><envirDesc Sync="TRUE">Microsoft Windows Vista Version 6.1 (Build 7601) Service Pack 1; ESRI ArcCatalog 9.3.1.4000</envirDesc><dataLang><languageCode Sync="TRUE" value="zh"></languageCode></dataLang><idCitation><resTitle Sync="TRUE">XZQ</resTitle><presForm><PresFormCd Sync="TRUE" value="005"></PresFormCd></presForm></idCitation><spatRpType><SpatRepTypCd Sync="TRUE" value="001"></SpatRepTypCd></spatRpType></dataIdInfo><metainfo><langmeta Sync="TRUE">zh</langmeta><metstdn Sync="TRUE">FGDC Content Standards for Digital Geospatial Metadata</metstdn><metstdv Sync="TRUE">FGDC-STD-001-1998</metstdv><mettc Sync="TRUE">local time</mettc><metc><cntinfo><cntorgp><cntper>REQUIRED: The person responsible for the metadata information.</cntper><cntorg>REQUIRED: The organization responsible for the metadata information.</cntorg></cntorgp><cntaddr><addrtype>REQUIRED: The mailing and/or physical address for the organization or individual.</addrtype><city>REQUIRED: The city of the address.</city><state>REQUIRED: The state or province of the address.</state><postal>REQUIRED: The ZIP or other postal code of the address.</postal></cntaddr><cntvoice>REQUIRED: The telephone number by which individuals can speak to the organization or individual.</cntvoice></cntinfo></metc><metd Sync="TRUE">20151103</metd><metextns><onlink Sync="TRUE">http://www.esri.com/metadata/esriprof80.html</onlink><metprof Sync="TRUE">ESRI Metadata Profile</metprof></metextns></metainfo><mdLang><languageCode Sync="TRUE" value="zh"></languageCode></mdLang><mdStanName Sync="TRUE">ISO 19115 Geographic Information - Metadata</mdStanName><mdStanVer Sync="TRUE">DIS_ESRI1.0</mdStanVer><mdChar><CharSetCd Sync="TRUE" value="004"></CharSetCd></mdChar><mdHrLv><ScopeCd Sync="TRUE" value="005"></ScopeCd></mdHrLv><mdHrLvName Sync="TRUE">dataset</mdHrLvName><distinfo><resdesc Sync="TRUE">Downloadable Data</resdesc></distinfo><distInfo><distributor><distorTran><onLineSrc><orDesc Sync="TRUE">002</orDesc><linkage Sync="TRUE">file://\\CTGTJ\J\图件\永安图件\转换\乡镇图\永安市乡镇图.mdb</linkage><protocol Sync="TRUE">Local Area Network</protocol></onLineSrc></distorTran><distorFormat><formatName Sync="TRUE">Personal GeoDatabase Feature Class</formatName></distorFormat></distributor></distInfo><spdoinfo><direct Sync="TRUE">Vector</direct><ptvctinf><esriterm Name="XZQ"><efeatyp Sync="TRUE">Simple</efeatyp><efeageom Sync="TRUE">Polygon</efeageom><esritopo Sync="TRUE">FALSE</esritopo><efeacnt Sync="TRUE">0</efeacnt><spindex Sync="TRUE">TRUE</spindex><linrefer Sync="TRUE">FALSE</linrefer></esriterm><sdtsterm Name="XZQ"><sdtstype Sync="TRUE">G-polygon</sdtstype><ptvctcnt Sync="TRUE">0</ptvctcnt></sdtsterm></ptvctinf></spdoinfo><spref><horizsys><cordsysn><geogcsn Sync="TRUE">GCS_Xian_1980</geogcsn><projcsn Sync="TRUE">Xian_1980_3_Degree_GK_Zone_39</projcsn></cordsysn><planar><planci><plance Sync="TRUE">coordinate pair</plance><plandu Sync="TRUE">meters</plandu><coordrep><absres Sync="TRUE">0.000100</absres><ordres Sync="TRUE">0.000100</ordres></coordrep></planci><mapproj><mapprojn Sync="TRUE">Transverse Mercator</mapprojn><transmer><sfctrmer Sync="TRUE">1.000000</sfctrmer><longcm Sync="TRUE">117.000000</longcm><latprjo Sync="TRUE">0.000000</latprjo><feast Sync="TRUE">39500000.000000</feast><fnorth Sync="TRUE">0.000000</fnorth></transmer></mapproj></planar><geodetic><horizdn Sync="TRUE">D_Xian_1980</horizdn><ellips Sync="TRUE">Xian_1980</ellips><semiaxis Sync="TRUE">6378140.000000</semiaxis><denflat Sync="TRUE">298.257000</denflat></geodetic></horizsys><vertdef><altsys><altenc Sync="TRUE">Explicit elevation coordinate included with horizontal coordinates</altenc><altres Sync="TRUE">0.000100</altres></altsys></vertdef></spref><refSysInfo><RefSystem><refSysID><identCode Sync="TRUE">Xian_1980_3_Degree_GK_Zone_39</identCode></refSysID></RefSystem></refSysInfo><spatRepInfo><VectSpatRep><topLvl><TopoLevCd Sync="TRUE" value="001"></TopoLevCd></topLvl><geometObjs Name="XZQ"><geoObjTyp><GeoObjTypCd Sync="TRUE" value="001"></GeoObjTypCd></geoObjTyp><geoObjCnt Sync="TRUE">0</geoObjCnt></geometObjs></VectSpatRep></spatRepInfo><eainfo><detailed Name="XZQ"><enttyp><enttypl Sync="TRUE">XZQ</enttypl><enttypt Sync="TRUE">Feature Class</enttypt><enttypc Sync="TRUE">0</enttypc></enttyp><attr><attrlabl Sync="TRUE">OBJECTID</attrlabl><attalias Sync="TRUE">OBJECTID</attalias><attrtype Sync="TRUE">OID</attrtype><attwidth Sync="TRUE">4</attwidth><atprecis Sync="TRUE">0</atprecis><attscale Sync="TRUE">0</attscale><attrdef Sync="TRUE">Internal feature number.</attrdef><attrdefs Sync="TRUE">ESRI</attrdefs><attrdomv><udom Sync="TRUE">Sequential unique whole numbers that are automatically generated.</udom></attrdomv></attr><attr><attrlabl Sync="TRUE">SHAPE</attrlabl><attalias Sync="TRUE">SHAPE</attalias><attrtype Sync="TRUE">Geometry</attrtype><attwidth Sync="TRUE">0</attwidth><atprecis Sync="TRUE">0</atprecis><attscale Sync="TRUE">0</attscale><attrdef Sync="TRUE">Feature geometry.</attrdef><attrdefs Sync="TRUE">ESRI</attrdefs><attrdomv><udom Sync="TRUE">Coordinates defining the features.</udom></attrdomv></attr><attr><attrlabl Sync="TRUE">乡镇代码</attrlabl><attalias Sync="TRUE">乡镇代码</attalias><attrtype Sync="TRUE">String</attrtype><attwidth Sync="TRUE">9</attwidth><atprecis Sync="TRUE">0</atprecis><attscale Sync="TRUE">0</attscale></attr><attr><attrlabl Sync="TRUE">乡镇名</attrlabl><attalias Sync="TRUE">乡镇名</attalias><attrtype Sync="TRUE">String</attrtype><attwidth Sync="TRUE">15</attwidth><atprecis Sync="TRUE">0</atprecis><attscale Sync="TRUE">0</attscale></attr><attr><attrlabl Sync="TRUE">SHAPE_Length</attrlabl><attalias Sync="TRUE">SHAPE_Length</attalias><attrtype Sync="TRUE">Double</attrtype><attwidth Sync="TRUE">8</attwidth><atprecis Sync="TRUE">0</atprecis><attscale Sync="TRUE">0</attscale><attrdef Sync="TRUE">Length of feature in internal units.</attrdef><attrdefs Sync="TRUE">ESRI</attrdefs><attrdomv><udom Sync="TRUE">Positive real numbers that are automatically generated.</udom></attrdomv></attr><attr><attrlabl Sync="TRUE">SHAPE_Area</attrlabl><attalias Sync="TRUE">SHAPE_Area</attalias><attrtype Sync="TRUE">Double</attrtype><attwidth Sync="TRUE">8</attwidth><atprecis Sync="TRUE">0</atprecis><attscale Sync="TRUE">0</attscale><attrdef Sync="TRUE">Area of feature in internal units squared.</attrdef><attrdefs Sync="TRUE">ESRI</attrdefs><attrdomv><udom Sync="TRUE">Positive real numbers that are automatically generated.</udom></attrdomv></attr></detailed></eainfo><mdDateSt Sync="TRUE">20151103</mdDateSt><dataqual><lineage><procstep><procdesc Sync="TRUE">Dataset copied.</procdesc><srcused Sync="TRUE">\\CTGTJ\E\DLJXLX\永安3.gdb</srcused><procdate Sync="TRUE">20141206</procdate><proctime Sync="TRUE">13512500</proctime></procstep><procstep><procdesc Sync="TRUE">Dataset copied.</procdesc><srcused Sync="TRUE">\\CTGTJ\E\DLJXLX\永安.mdb</srcused><procdate Sync="TRUE">20150124</procdate><proctime Sync="TRUE">16053900</proctime></procstep><procstep><procdesc Sync="TRUE">Dataset copied.</procdesc><srcused Sync="TRUE">\\CTGTJ\E\永安耕地质量等别\永安2013年度成果\图件.mdb</srcused><procdate Sync="TRUE">20150205</procdate><proctime Sync="TRUE">19031100</proctime></procstep><procstep><procdesc Sync="TRUE">Dataset copied.</procdesc><srcused Sync="TRUE">\\CTGTJ\J\图件\永安图件\转换\县  图\永安市县图.mdb</srcused><procdate Sync="TRUE">20151103</procdate><proctime Sync="TRUE">23425400</proctime></procstep></lineage></dataqual></metadata>
